"id","title","author","category","grade","publisher","edition","price"
"5331","INFORMATIKA I RAČUNALSTVO : udžbenik za gimnazije i srednje škole","Vinkoslav Galešev, Predrag Brođanac, Nikola Dmitrović, Milan Korać, Snježana Babić, Gordana Sokol, Zlatan Soldo, Dragan Kovač","udžbenik","1.-2.","SYSPRINT","Novo","153.00"
"5089","WWW INFORMATIKA : udžbenik informatike i računalstva s e-podrškom za gimnazije i srednje škole","Lidija Kralj, Janja Linardić, Darka Sudarević","udžbenik","1.-4.","PROFIL","Novo","162.00"
"4686","INFORMATIKA 2 : udžbenik za ekonomiste","Ivan Strugar, Biljana Pavelić","udžbenik","2","ALKA","Novo","100.00"
"5395","INFORMATIKA 2 : udžbenik informatike za 2. razred srednje strukovne škole za zanimanje ekonomist/ekonomistica","Natalija Stjepanek, Vesna Tomić","udžbenik","2","ŠK","Novo","109.00"
"5309","E-U INFO STRUK : elektronički udžbenik informatike/računalstva za dvogodišnje, trogodišnje i četverogodišnje strukovne škole","Toma Gvozdanović, Zoran Ikica, Igor Kos, Krešimir Kudumija, Mladen Kuzminski, Ljiljana Milijaš, Nenad Milijaš, Gordana Sekulić-Štivčević, Vladimir Štivčević, Ljiljana Zvonarek","udžbenik","1. i 2.","PROMIL","Novo","55.00"
"5310","E-U INFO EKAP : elektronički udžbenik informatike za ekonomiste, komercijaliste, administratore i prodavače","Toma Gvozdanović, Zoran Ikica, Igor Kos, Krešimir Kudumija, Mladen Kuzminski, Ljiljana Milijaš, Nenad Milijaš, Gordana Sekulić-Štivčević, Ljiljana Zvonarek","udžbenik","1. i 2.","PROMIL","Novo","59.00"
"5311","E-U INFO UGO-TURS : elektronički udžbenik informatike za turističke i ugostiteljske škole","Toma Gvozdanović, Zoran Ikica, Igor Kos, Krešimir Kudumija, Mladen Kuzminski, Ljiljana Milijaš, Nenad Milijaš, Gordana Sekulić-Štivčević, Ljiljana Zvonarek","udžbenik","1. i 2.","PROMIL","Novo","57.00"
"5327","INFORMATIKA I RAČUNALSTVO : udžbenik za srednje strukovne škole","Vinkoslav Galešev, Milan Korać, Zlatan Soldo, Gordana Sokol, Bojan Kocijan","udžbenik","1.-3.","SYSPRINT","Novo","115.00"
"2173","OD MOLEKULE DO ORGANIZMA : udžbenik iz biologije za strukovne škole","Vesna Ančić, Irella Bogut, Snježana Đumlija","udžbenik","1","ALFA",,"96.00"
"2731","OD MOLEKULE DO ORGANIZMA : radna bilježnica iz biologije za 1. razred strukovne škole","Vesna Ančić, Irella Bogut, Snježana Đumlija","radna bilježnica","1","ALFA",,"39.00"
"2728","ČOVJEK I ZDRAVLJE : udžbenik za 1. i 2. razred četverogodišnjih strukovnih škola","Daniela Novoselić, Ljiljana Vidović","udžbenik","1.-2.","ALFA",,"94.00"
"1632","BIOLOGIJA : udžbenik za prvi razred ekonomske škole","Mirjana Mijić, Roberto Škara, Mauro Štifanić","udžbenik","1","ALKA",,"105.00"
"2088","BIOLOGIJA : udžbenik za 2. razred 3-godišnjih ugostiteljskih škola i 1. razred hotelijersko-turističkih škola","Mirjana Mijić, Roberto Škara","udžbenik","1.-2.","ALKA",,"105.00"
"3586","ČOVJEK, ZDRAVLJE I OKOLIŠ : radna bilježnica iz biologije za 1. razred srednjih strukovnih škola s jednogodišnjim programom biologije","Anita Bušić, Goran I. V. Klobučar","radna bilježnica","1","NEODIDACTA",,"47.00"
"3987","BIOLOGIJA : udžbenik iz biologije s multimedijskim sadržajem za 1. razred srednjih ekonomskih škola s jednogodišnjim programom biologije","Anita Bušić, Goran I. V. Klobučar","udžbenik s multimedijskim sadržajem","1","NEODIDACTA",,"168.00"
"1638","ČOVJEK, ZDRAVLJE I OKOLIŠ : udžbenik biologije za 1. i 2. razred srednjih strukovnih škola","Milivoj Boranić, Jasna Matekalo Draganović, Milivoj Slijepčević","udžbenik","1.-2.","ŠK",,"95.00"
"2095","ČOVJEK I ZDRAVLJE : radna bilježnica iz biologije - MODUL B - za 1. i 2. razred srednjih strukovnih škola","Mišo Rašan, Krešimir Trojko","radna bilježnica","1.-2.","ŠK",,"39.00"
"2094","ČOVJEK I OKOLIŠ : radna bilježnica iz biologije - MODUL C - za 1. i 2. razred srednjih strukovnih škola","Mišo Rašan, Krešimir Trojko","radna bilježnica","1.-2.","ŠK",,"39.00"
"3411","BIOLOGIJA : radna bilježnica biologije za srednje ekonomske škole","Mišo Rašan, Krešimir Trojko","radna bilježnica","1","ŠK",,"39.00"
"1639","ČOVJEK I NASLJEĐIVANJE - MODUL D : udžbenik biologije za 3. razred četverogodišnjih strukovnih škola","Mirjana Pavlica","udžbenik","3","ŠK",,"90.00"
"4250","BIOLOGIJA 1 : udžbenik iz biologije s multimedijskim sadržajem za 1. razred medicinskih i zdravstvenih škola s dvogodišnjim programom biologije","Anita Bušić, Goran I. V. Klobučar","udžbenik s multimedijskim sadržajem","1","NEODIDACTA","Novo","168.00"
"4251","BIOLOGIJA 1 : radna bilježnica iz biologije za 1. razred medicinskih i zdravstvenih škola s dvogodišnjim programom biologije","Anita Bušić, Goran I. V. Klobučar","radna bilježnica","1","NEODIDACTA","Novo","93.00"
"5057","OD MOLEKULE DO ORGANIZMA : udžbenik biologije za strukovne škole, svezak A","Željko Krstanac, Karlo Horvatin","udžbenik","1","PROFIL","Novo","86.00"
"5446","BIOLOGIJA 1 : udžbenik biologije za 1. razred medicinskih i zdravstvenih škola","Gabrijela Marin, Mirko Jamnicki Dojmi","udžbenik","1","ŠK","Novo","99.00"
"5447","BIOLOGIJA 1 : radna bilježnica iz biologije za 1. razred medicinskih i zdravstvenih škola","Gabrijela Marin","radna bilježnica","1","ŠK","Novo","49.00"
"5058","ČOVJEK I ZDRAVLJE : udžbenik biologije za strukovne škole, svezak B","Željko Krstanac, Gorica Grozdanić, Karlo Horvatin","udžbenik","1.-2.","PROFIL","Novo","79.00"
"5059","ČOVJEK I OKOLIŠ : udžbenik biologije za strukovne škole, svezak C","Gorica Grozdanić, Karlo Horvatin, Željko Krstanac","udžbenik","1.-2.","PROFIL","Novo","79.00"
"5060","ČOVJEK I NASLJEĐIVANJE : udžbenik biologije za strukovne škole, svezak D","Karlo Horvatin, Željko Krstanac, Gorica Grozdanić","udžbenik","1.-2.","PROFIL","Novo","79.00"
"4252","BIOLOGIJA 2 : udžbenik iz biologije s multimedijskim sadržajem za 2. razred medicinskih i zdravstvenih škola s dvogodišnjim programom biologije","Anita Bušić, Goran I. V. Klobučar","udžbenik s multimedijskim sadržajem","2","NEODIDACTA","Novo","140.00"
"4253","BIOLOGIJA 2 : radna bilježnica iz biologije za 2. razred medicinskih i zdravstvenih škola s dvogodišnjim programom biologije","Anita Bušić, Goran I. V. Klobučar","radna bilježnica","2","NEODIDACTA","Novo","83.00"
"4943","ČOVJEK I OKOLIŠ : modul C - udžbenik iz biologije s multimedijskim sadržajem za 2. razred strukovnih ili zdravstvenih škola s dvogodišnjim ili trogodišnjim programom biologije","Anita Bušić, Goran Igor Vinko Klobučar","udžbenik s multimedijskim sadržajem","2","NEODIDACTA","Novo","74.00"
"4944","ČOVJEK I OKOLIŠ : modul C - radna bilježnica iz biologije za 2. razred strukovnih ili zdravstvenih škola s dvogodišnjim ili trogodišnjim programom biologije","Anita Bušić, Goran Igor Vinko Klobučar","radna bilježnica","2","NEODIDACTA","Novo","74.00"
"5448","BIOLOGIJA 2 : udžbenik biologije za 2. razred medicinskih i zdravstvenih škola","Sanja Mikulić, Mišo Rašan, Dalibor Sumpor","udžbenik","2","ŠK","Novo","99.00"
"5449","BIOLOGIJA 2 : radna bilježnica iz biologije za 2. razred medicinskih i zdravstvenih škola","Sanja Mikulić, Mišo Rašan, Dalibor Sumpor","radna bilježnica","2","ŠK","Novo","49.00"
"4945","ČOVJEK I NASLJEĐIVANJE : modul D - udžbenik iz biologije s multimedijskim sadržajem za 3. razred zdravstvenih škola s trogodišnjim programom biologije","Anita Bušić, Goran Igor Vinko Klobučar","udžbenik s multimedijskim sadržajem","3","NEODIDACTA","Novo","140.00"
"4946","ČOVJEK I NASLJEĐIVANJE : modul D - radna bilježnica iz biologije za 3. razred zdravstvenih škola s trogodišnjim programom biologije","Anita Bušić, Goran Igor Vinko Klobučar","radna bilježnica","3","NEODIDACTA","Novo","140.00"
"5974","EKOLOGIJA : udžbenik biologije u četvrtom razredu gimnazije i srednje strukovne škole","Milan Meštrov, Draganović Zrnka","udžbenik","4","ŠK","Novo","69.00"
"5975","EKOLOGIJA : radna bilježnica za biologiju u četvrtom razredu gimnazije i srednje strukovne škole","Mišo Rašan","radna bilježnica","4","ŠK","Novo","49.00"
"4002","FIZIKA 1, POJMOVI I KONCEPTI : udžbenik s multimedijskim sadržajem za 1. razred četverogodišnjih strukovnih škola s četverogodišnjim učenjem fizike","Dubravko Horvat, Dario Hrupec","udžbenik s multimedijskim sadržajem","1","NEODIDACTA",,"156.00"
"4036","FIZIKA 1, POJMOVI I KONCEPTI : zbirka zadataka za 1. razred četverogodišnjih strukovnih škola s četverogodišnjim učenjem fizike","Dubravko Horvat, Dario Hrupec, Branko Maković","zbirka zadataka","1","NEODIDACTA",,"72.00"
"2123","FIZIKA 1 : udžbenik fizike za 1. razred strukovnih škola s četverogodišnjim programom učenja fizike","Hrvoje Negovec, Damir Pavlović","udžbenik","1","PROFIL",,"108.00"
"1646","FIZIKA 1 : udžbenik fizike za 1. i 2. razred četverogodišnjih i 1.-3. razred trogodišnjih strukovnih škola","Petar Kulišić, Mladen Pavlović","udžbenik","1.-2.","ŠK",,"104.00"
"1645","FIZIKA 1 : udžbenik fizike za 1. razred četverogodišnjih strukovnih škola","Vjera Lopac","udžbenik","1","ŠK",,"104.00"
"3637","U SVEMU JE FIZIKA 1 : udžbenik iz fizike za 1. razred srednjih strukovnih škola sa četverogodišnjim programom fizike","Tatjana Roginić","udžbenik","1","ŠK",,"104.00"
"4003","FIZIKA 2, POJMOVI I KONCEPTI : udžbenik s multimedijskim sadržajem za 2. razred četverogodišnjih strukovnih škola s četverogodišnjim učenjem fizike","Dubravko Horvat, Dario Hrupec","udžbenik s multimedijskim sadržajem","2","NEODIDACTA",,"156.00"
"4037","FIZIKA 2, POJMOVI I KONCEPTI : zbirka zadataka za 2. razred četverogodišnjih strukovnih škola s četverogodišnjim učenjem fizike","Dubravko Horvat, Dario Hrupec, Branko Maković","zbirka zadataka","2","NEODIDACTA",,"72.00"
"2124","FIZIKA 2 : udžbenik fizike za 2. razred strukovnih škola s četverogodišnjim programom učenja fizike","Hrvoje Negovec, Damir Pavlović","udžbenik","2","PROFIL",,"108.00"
"1647","FIZIKA 2 : udžbenik fizike za 2. razred četverogodišnjih strukovnih škola","Petar Kulišić","udžbenik","2","ŠK",,"104.00"
"1648","FIZIKA 2 : udžbenik fizike za 2. i 3. razred strukovnih škola","Petar Kulišić, Mladen Pavlović","udžbenik","2.-3.","ŠK",,"104.00"
"4004","FIZIKA 3, POJMOVI I KONCEPTI : udžbenik s multimedijskim sadržajem za 3. razred četverogodišnjih strukovnih škola s četverogodišnjim učenjem fizike","Dubravko Horvat, Dario Hrupec","udžbenik s multimedijskim sadržajem","3","NEODIDACTA",,"156.00"
"4038","FIZIKA 3, POJMOVI I KONCEPTI : zbirka zadataka za 3. razred četverogodišnjih strukovnih škola s četverogodišnjim učenjem fizike","Dubravko Horvat, Dario Hrupec, Branko Maković","zbirka zadataka","3","NEODIDACTA",,"72.00"
"2990","FIZIKA 3 : udžbenik fizike za treći razred strukovnih škola s četverogodišnjim programom fizike","Damir Pavlović, Marinko Srdelić","udžbenik","3","PROFIL",,"108.00"
"1649","FIZIKA 3 : udžbenik fizike za 3. razred četverogodišnjih strukovnih škola","Petar Kulišić","udžbenik","3","ŠK",,"104.00"
"4005","FIZIKA 4, POJMOVI I KONCEPTI : udžbenik s multimedijskim sadržajem za 4. razred četverogodišnjih strukovnih škola s četverogodišnjim učenjem fizike","Dubravko Horvat, Dario Hrupec","udžbenik s multimedijskim sadržajem","4","NEODIDACTA",,"156.00"
"4027","FIZIKA 4, POJMOVI I KONCEPTI : zbirka zadataka za 4. razred četverogodišnjih strukovnih škola s četverogodišnjim učenjem fizike","Dubravko Horvat, Dario Hrupec, Branko Maković","zbirka zadataka","4","NEODIDACTA",,"72.00"
"3647","FIZIKA 4 : udžbenik fizike za četvrti razred četverogodišnje strukovne škole","Damir Pavlović, Marin Srdelić","udžbenik","4","PROFIL",,"107.00"
"1650","FIZIKA 4 : udžbenik fizike za 4. razred četverogodišnjih strukovnih škola","Petar Kulišić, Vjera Lopac","udžbenik","4","ŠK",,"104.00"
"4442","FIZIKA 1 : udžbenik za 1. razred srednjih strukovnih škola s četverogodišnjim programom fizike","Jakov Labor","udžbenik","1","ALFA","Novo","104.00"
"4443","FIZIKA 1 : zbirka zadataka za 1. razred srednjih strukovnih škola s četvrerogodišnjim programom fizike","Jakov Labor","zbirka zadataka","1","ALFA","Novo","60.00"
"4444","FIZIKA 2 : udžbenik za 2. razred srednjih strukovnih škola s četverogodišnjim programom fizike","Jakov Labor","udžbenik","2","ALFA","Novo","104.00"
"4445","FIZIKA 2 : zbirka zadataka za 2. razred srednjih strukovnih škola s četvrerogodišnjim programom fizike","Jakov Labor","zbirka zadataka","2","ALFA","Novo","60.00"
"4446","FIZIKA 3 : udžbenik za 3. razred srednjih strukovnih škola s četverogodišnjim programom fizike","Jakov Labor","udžbenik","3","ALFA","Novo","104.00"
"4447","FIZIKA 3 : zbirka zadataka za 3. razred srednjih strukovnih škola s četvrerogodišnjim programom fizike","Jakov Labor","zbirka zadataka","3","ALFA","Novo","60.00"
"4448","FIZIKA 4 : udžbenik za 4. razred srednjih strukovnih škola s četverogodišnjim programom fizike","Jakov Labor","udžbenik","4","ALFA","Novo","104.00"
"4449","FIZIKA 4 : zbirka zadataka za 4. razred srednjih strukovnih škola s četvrerogodišnjim programom fizike","Jakov Labor","zbirka zadataka","4","ALFA","Novo","60.00"
"2231","TEMELJI FIZIKE 1 : udžbenik s multimedijskim sadržajem za 1. razred trogodišnjih i četverogodišnjih strukovnih škola s trogodišnjim učenjem fizike","Anamarija Godinić, Dario Hrupec, Danijela Takač","udžbenik s multimedijskim sadržajem","1","NEODIDACTA",,"140.00"
"2929","TEMELJI FIZIKE 1 : zbirka zadataka za 1. razred trogodišnjih i četverogodišnjih strukovnih škola s trogodišnjim učenjem fizike","Dubravko Horvat, Dario Hrupec, Branko Maković, Danijela Takač","zbirka zadataka","1","NEODIDACTA",,"58.00"
"2962","FIZIKA 1 : udžbenik fizike za prvi razred strukovnih škola s dvogodišnjim programom fizike","Damir Pavlović, Marinko Srdelić","udžbenik","1","PROFIL",,"89.00"
"2964","FIZIKA 1 : udžbenik fizike za prvi razred strukovnih škola s trogodišnjim programom fizike","Damir Pavlović, Marinko Srdelić","udžbenik","1","PROFIL",,"89.00"
"1643","FIZIKA 1 : udžbenik fizike za 1. i 2. razred četverogodišnjih i 1.-2. razred trogodišnjih strukovnih škola","Petar Kulišić, Mladen Pavlović","udžbenik","1.-2.","ŠK",,"106.00"
"3123","FIZIKA 1 : udžbenik za 1. razred srednjih škola s trogodišnjim programom fizike","Tatjana Roginić","udžbenik","1","ŠK",,"108.00"
"3138","FIZIKA 1 : udžbenik za 1. razred srednjih škola s dvogodišnjim programom fizike","Tatjana Roginić","udžbenik","1","ŠK",,"107.00"
"1644","FIZIKA 2 : udžbenik fizike za 2. i 3. razred strukovnih škola","Petar Kulišić, Mladen Pavlović","udžbenik","2.-3.","ŠK",,"106.00"
"3130","FIZIKA 2 : udžbenik za 2. razred srednjih škola s dvogodišnjim programom fizike","Tatjana Roginić","udžbenik","2","ŠK",,"107.00"
"3143","FIZIKA 2 : udžbenik za 2. razred srednjih škola s trogodišnjim programom fizike","Tatjana Roginić","udžbenik","2","ŠK",,"107.00"
"3164","FIZIKA 3 : udžbenik za 3. razred srednjih škola s trogodišnjim programom fizike","Tatjana Roginić","udžbenik","3","ŠK",,"107.00"
"4254","FIZIKA U MEDICINI 1 : udžbenik s multimedijskim sadržajem za 1. razred medicinskih i zdravstvenih škola s dvogodišnjim programom fizike","Dario Hrupec","udžbenik s multimedijskim sadržajem","1","NEODIDACTA","Novo","140.00"
"4256","FIZIKA U MEDICINI 1 : zbirka zadataka za 1. razred medicinskih i zdravstvenih škola s dvogodišnjim programom fizike","Dubravko Horvat, Dario Hrupec","zbirka zadataka","1","NEODIDACTA","Novo","62.00"
"4429","FIZIKA 1 : udžbenik za 1. razred srednjih strukovnih škola s trogodišnjim programom fizike","Jakov Labor","udžbenik","1","ALFA","Novo","100.00"
"4430","FIZIKA 1 : zbirka zadataka za 1. razred srednjih strukovnih škola s trogodišnjim programom fizike","Jakov Labor","zbirka zadataka","1","ALFA","Novo","50.00"
"4438","FIZIKA 1 : udžbenik za prvi razred srednjih škola s dvogodišnjim programom fizike","Jakov Labor","udžbenik","1","ALFA","Novo","100.00"
"4439","FIZIKA 1 : zbirka zadataka za prvi razred srednjih škola s dvogodišnjim programom","Jakov Labor","zbirka zadataka","1","ALFA","Novo","50.00"
"4257","FIZIKA U MEDICINI 2 : udžbenik s multimedijskim sadržajem za 2. razred medicinskih i zdravstvenih škola s dvogodišnjim programom fizike","Dario Hrupec","udžbenik s multimedijskim sadržajem","2","NEODIDACTA","Novo","140.00"
"4259","FIZIKA U MEDICINI 2 : zbirka zadataka za 2. razred medicinskih i zdravstvenih škola s dvogodišnjim programom fizike","Dubravko Horvat, Dario Hrupec","zbirka zadataka","2","NEODIDACTA","Novo","140.00"
"4431","FIZIKA 2 : udžbenik za 2. razred srednjih strukovnih škola s trogodišnjim programom fizike","Jakov Labor","udžbenik","2","ALFA","Novo","100.00"
"4432","FIZIKA 2 : zbirka zadataka za 2. razred srednjih strukovnih škola s trogodišnjim programom fizike","Jakov Labor","zbirka zadataka","2","ALFA","Novo","50.00"
"4440","FIZIKA 2 : udžbenik za drugi razred srednjih škola s dvogodišnjim programom fizike","Jakov Labor","udžbenik","2","ALFA","Novo","100.00"
"4441","FIZIKA 2 : Zbirka zadataka za drugi razred srednjih škola s dvogodišnjim programom","Jakov Labor","zbirka zadataka","2","ALFA","Novo","50.00"
"4433","FIZIKA 3 : udžbenik za 3. razred srednjih strukovnih škola s trogodišnjim programom fizike","Jakov Labor","udžbenik","3","ALFA","Novo","100.00"
"4434","FIZIKA 3 : zbirka zadataka za 3. razred srednjih strukovnih škola s trogodišnjim programom fizike","Jakov Labor","zbirka zadataka","3","ALFA","Novo","50.00"
"1658","OPĆA I ANORGANSKA KEMIJA : udžbenik za 1. razred zdravstvenih škola","Mira Herak, Antica Petreski","udžbenik","1","PROFIL",,"99.00"
"1660","OSNOVE OPĆE I ANORGANSKE KEMIJE : udžbenik za 1. razred strukovnih škola s dvogodišnjim programom kemije","Mira Herak, Antica Petreski","udžbenik","1","PROFIL",,"99.00"
"2994","OPĆA KEMIJA 1 : zbirka riješenih primjera i zadataka iz opće kemije za učenike prvih razreda srednjih škola","Zdravka Cindrić, Antica Petreski, Ljubica Petrić, Blanka Sever","zbirka zadataka","1","PROFIL",,"76.00"
"1661","ANALITIČKA KEMIJA : za zdravstvene škole","Mara Banović","udžbenik","1.-2.","ŠK",,"104.00"
"2142","KEMIJA 1 : udžbenik kemije za 1. razred strukovnih škola s dvogodišnjim programom kemije","Mihovil Hus, Dunja Nöthig-Hus","udžbenik","1","ŠK",,"97.00"
"1662","MALA ORGANSKA KEMIJA S OSNOVAMA EKOLOGIJE : udžbenik za 2. razred strukovnih škola s dvogodišnjim programom kemije","Blanka Sever, Dubravka Stričević","udžbenik","2","PROFIL",,"99.00"
"1664","ORGANSKA KEMIJA : udžbenik za zdravstvene i kemijske škole","Helena Čičak, Blanka Sever, Dubravka Stričević","udžbenik","2","PROFIL",,"99.00"
"3003","OPĆA KEMIJA 2 : zbirka riješenih primjera i zadataka iz opće kemije za učenike drugih razreda srednjih škola","Zdravka Cindrić, Antica Petreski, Ljubica Petrić","zbirka zadataka","2","PROFIL",,"76.00"
"2145","KEMIJA 2 : udžbenik kemije za 2. razred strukovnih škola s dvogodišnjim programom kemije","Mihovil Hus, Dunja Nöthig-Hus","udžbenik","2","ŠK",,"97.00"
"3134","PRAKTIKUM ANALITIČKE KEMIJE : udžbenik analitičke kemije za srednje strukovne škole","Sonja Rupčić Petelinc, Zoran Weihnacht, Sanja Žužek","udžbenik","2.-3.","ŠK",,"97.00"
"1667","PRAKTIKUM IZ FIZIKALNE KEMIJE : za srednje strukovne škole","Sonja Rupčić-Petelinc, Zoran Weihnacht","udžbenik","3.-4.","ŠK",,"93.00"
"4228","OPĆA KEMIJA : udžbenik kemije za prvi razred medicinske škole","Mira Herak, Antica Petreski","udžbenik","1","PROFIL","Novo","99.00"
"5459","OSNOVE OPĆE KEMIJE : udžbenik kemije za 1. razred medicinskih i zdravstvenih škola","Sonja Rupčić-Petelinc, Frances Novosel","udžbenik","1","ŠK","Novo","106.00"
"4230","OSNOVE ANORGANSKE I ORGANSKE KEMIJE : udžbenik kemije za drugi razred medicinske škole","Antica Petreski, Dubravka Stričević, Blanka Sever, Helena Čičak","udžbenik","2","PROFIL","Novo","99.00"
"5461","OSNOVE ANORGANSKE I ORGANSKE KEMIJE : udžbenik kemije za 2. razred medicinskih i zdravstvenih škola","Sonja Rupčić-Petelinc, Zoran Weichnacht, Frances Novosel","udžbenik","2","ŠK","Novo","106.00"
"2143","KEMIJA 1 : udžbenik za jednogodišnji program kemije","Ljiljana Kovačević, Silvija Krnić, Gordana Pavlović, Zora Popović","udžbenik","1.-2.","ALFA",,"96.00"
"2921","KEMIJA : udžbenik s multimedijskim sadržajem za 1. razred srednjih strukovnih škola s jednogodišnjim programom kemije","Marko Hrgar","udžbenik s multimedijskim sadržajem","1","NEODIDACTA",,"74.00"
"2927","KEMIJA : udžbenik s multimedijskim sadržajem za 1. razred srednjih ekonomskih škola","Beata Gabrić, Marko Hrgar","udžbenik s multimedijskim sadržajem","1","NEODIDACTA",,"74.00"
"1652","KEMIJA OKO NAS : udžbenik za strukovne škole s jednogodišnjim programom kemije","Mira Herak, Blanka Sever, Biserka Zdjelarević","udžbenik","1","PROFIL",,"99.00"
"1654","KEMIJA : udžbenik za 1. razred ekonomskih škola","Antica Petreski, Blanka Sever","udžbenik","1","ŠK",,"97.00"
"1671","OPĆA GEOGRAFIJA : udžbenik za 1. razred srednjih strukovnih škola","Ines Kozina, Mate Matas","udžbenik","1","ŠK",,"97.00"
"3120","GEOGRAFIJA 1 : udžbenik geografije za 1. razred ekonomske škole","Karmen Boroša Kokić, Aleksandra Šmit","udžbenik","1","ŠK",,"97.00"
"1674","GEOGRAFIJA HRVATSKE : udžbenik za 2. razred srednjih strukovnih škola","Ines Kozina","udžbenik","2","ŠK",,"97.00"
"3627","GEOGRAFIJA 2 : udžbenik geografije za 2. razred srednje ekonomske škole","Bruno Kurek, Dario Pavlović","udžbenik","2","ŠK",,"97.00"
"1679","GEOGRAFIJA SVIJETA : udžbenik za 3. razred ekonomske škole","Mate Matas","udžbenik","3","ŠK",,"97.00"
"1683","TURISTIČKA GEOGRAFIJA SVIJETA : udžbenik za 3. razred hotelijersko-turističkih škola","Zlatko Pepeonik","udžbenik","3","ŠK",,"97.00"
"1681","EKONOMSKA GEOGRAFIJA 4 : udžbenik za 4. razred ekonomskih škola","Miljenko Bilen, Kristina Bučar-Perić","udžbenik","4","ŠK",,"97.00"
"1685","TURISTIČKA GEOGRAFIJA HRVATSKE : udžbenik za 4. razred hotelijersko-turističkih škola","Ivan Blažević","udžbenik","4","ŠK",,"97.00"
"4435","GEOGRAFIJA 1 : udžbenik iz geografije za prvi razred srednjih strukovnih škola","Ružica Lončar, Tomislav Ševo","udžbenik","1","ALFA","Novo","105.00"
"4902","GEOGRAFIJA 1 : udžbenik iz geografije za I. razred srednjih strukovnih škola","Emil Čokonaj, Ružica Vuk","udžbenik","1","MERIDIJANI","Novo","99.00"
"4890","GEOGRAFIJA 1 : udžbenik iz geografije za I. razred ekonomske škole","Emil Čokonaj, Vedran Šikić, Ružica Vuk","udžbenik","1","MERIDIJANI","Novo","103.00"
"5451","GEOGRAFIJA 1 : udžbenik geografije za 1. razred medicinskih i zdravstvenih škola","Mladen Maradin, Hermenegildo Gall","udžbenik","1","ŠK","Novo","99.00"
"4436","GEOGRAFIJA 2 : udžbenik iz geografije za drugi razred srednjih škola","Štefica Barlek-Mohenski, Lidija Perić","udžbenik","2","ALFA","Novo","105.00"
"4903","GEOGRAFIJA 2 : udžbenik iz geografije za II. razred srednjih strukovnih škola","Emil Čokonaj, Dragutin Feletar","udžbenik","2","MERIDIJANI","Novo","97.00"
"4891","GEOGRAFIJA 2 : udžbenik iz geografije za II. razred ekonomske škole","Emil Čokonaj, Vedran Šikić, Ružica Vuk","udžbenik","2","MERIDIJANI","Novo","103.00"
"5453","GEOGRAFIJA 2 : udžbenik geografije za 2. razred medicinskih i zdravstvenih škola","Martina Jakovčić","udžbenik","2","ŠK","Novo","99.00"
"4892","GEOGRAFIJA 3 : udžbenik iz geografije za III. razred ekonomske škole","Dragutin Feletar, Željka Šiljković","udžbenik","3","MERIDIJANI","Novo","103.00"
"4905","TURISTIČKA GEOGRAFIJA SVIJETA : udžbenik iz geografije za III. razred srednjih škola, smjer hotelijersko-turistički tehničar i hotelijer ugostitelj","Emil Čokonaj, Ružica Vuk","udžbenik","3","MERIDIJANI","Novo","103.00"
"4893","GEOGRAFIJA 4 : udžbenik iz geografije za IV. razred ekonomske škole","Dragutin Feletar, Petar Feletar","udžbenik","4","MERIDIJANI","Novo","103.00"
"2730","HRVATSKA I SVIJET 1 : udžbenik za 1. razred 4-godišnje strukovne škole","Stjepan Bekavac, Tomislav Šarlija","udžbenik","1","ALFA",,"91.00"
"1690","HRVATSKA I SVIJET : od prapovijesti do Francuske revolucije 1789. godine : udžbenik iz povijesti za 1. razred srednjih strukovnih škola","Vesna Đurić, Ivan Peklić","udžbenik","1","PROFIL",,"84.00"
"1691","HRVATSKA I SVIJET 1 : udžbenik povijesti za 1. razred četverogodišnjih strukovnih škola","Zdenko Samaržija","udžbenik","1","ŠK",,"97.00"
"2733","HRVATSKA I SVIJET 2 : udžbenik za 2. razred strukovnih škola","Miroslav Akmadža, Mario Jareb, Zdenko Radelić, Robert Skenderović","udžbenik","2","ALFA",,"91.00"
"1693","HRVATSKA I SVIJET : od sredine XVIII. do kraja XX. stoljeća : udžbenik povijesti za drugi razred srednjih strukovnih škola","Vesna Đurić, Ivan Peklić","udžbenik","2","PROFIL",,"84.00"
"1694","HRVATSKA I SVIJET 2 : udžbenik povijesti za 2. razred četverogodišnjih strukovnih škola","Zdenko Samaržija","udžbenik","2","ŠK",,"97.00"
"2727","HRVATSKA POVIJEST : udžbenik za 1. razred strukovnih škola","Stjepan Bekavac, Mario Jareb, Tomislav Šarlija","udžbenik","1","ALFA",,"91.00"
"1687","HRVATSKA POVIJEST : od doseljenja Hrvata do naših dana : udžbenik povijesti za 1. razred trogodišnjih srednjih strukovnih škola","Vesna Đurić, Ivan Peklić","udžbenik","1","PROFIL",,"89.00"
"1688","HRVATSKA POVIJEST : udžbenik povijesti za 1. razred trogodišnjih strukovnih škola","Ivan Dukić, Krešimir Erdelja, Igor Stojaković","udžbenik","1","ŠK",,"97.00"
"3367","GLAZBENI KONTAKTI 1 : udžbenik glazbene umjetnosti sa 4 zvučna CD-a za prvi razred srednjih škola s dvogodišnjim programom","Nataša Perak Lovričević, Ljiljana Ščedrov","udžbenik sa 4 zvučna CD-a","1","PROFIL",,"110.00"
"3368","GLAZBENI KONTAKTI 2 : udžbenik glazbene umjetnosti sa 4 zvučna CD-a za drugi razred srednjih škola s dvogodišnjim programom","Nataša Perak Lovričević, Ljiljana Ščedrov","udžbenik sa 4 zvučna CD-a","2","PROFIL",,"110.00"
"4492","LIKOVNA UMJETNOST 1 : udžbenik iz likovne umjetnosti za 1. razred srednjih škola s dvogodišnjim i četverogodišnjim programom","Natalija Stipetić-Čus, Zrinka Jurić-Avmedoski, Blanka Petrinec-Fulr, Elen Zubek","udžbenik","1","ALFA","Novo","105.00"
"5521","LIKOVNA UMJETNOST 1 : udžbenik likovne umjetnosti u prvom razredu gimnazije, srednje strukovne i umjetničke škole","Jadranka Damjanov","udžbenik","1","ŠK","Novo","105.00"
"4458","LIKOVNA UMJETNOST 2 : udžbenik iz likovne umjetnosti za 2. razred srednjih škola s dvogodišnjim programom","Blanka Petrinec-Fulir, Natalija Stipetić-Čus, Elen Zubek","udžbenik","2","ALFA","Novo","105.00"
"5931","LIKOVNA UMJETNOST 2 : udžbenik iz likovne umjetnosti za 2. razred srednjih škola s četverogodišnjim programom","Natalija Stipetić-Čus, Zrinka Jurić-Avmedoski, Blanka Petrinec Fulir, Elen Zubek","udžbenik","2","ALFA","Novo","105.00"
"5523","LIKOVNA UMJETNOST 2 : udžbenik likovne umjetnosti u drugom razredu gimnazije i umjetničke škole","Jadranka Damjanov","udžbenik","2","ŠK","Novo","105.00"
"5932","LIKOVNA UMJETNOST 3 : udžbenik iz likovne umjetnosti za 3. razred srednjih škola s četverogodišnjim programom","Natalija Stipetić-Čus, Zrinka Jurić-Avmedoski, Blanka Petrinec-Fulir, Elen Zubek","udžbenik","3","ALFA","Novo","105.00"
"5525","LIKOVNA UMJETNOST 3 : udžbenik likovne umjetnosti u trećem razredu gimnazije i umjetničke škole","Jadranka Damjanov","udžbenik","3","ŠK","Novo","105.00"
"5933","LIKOVNA UMJETNOST 4 : udžbenik iz likovne umjetnosti za 4. razred srednjih škola s četverogodišnjim programom","Natalija Stipetić-Čus, Zrinka Jurić-Avmedoski, Blanka Petrinec-Fulir, Elen Zubek","udžbenik","4","ALFA","Novo","105.00"
"5527","LIKOVNA UMJETNOST 4 : udžbenik likovne umjetnosti u četvrtom razredu gimnazije i umjetničke škole","Jadranka Damjanov","udžbenik","4","ŠK","Novo","105.00"
"5329","POLITIKA I GOSPODARSTVO : udžbenik za srednje strukovne škole","Goran Sunajko, Dario Čepo, Ivo Goldstein","udžbenik","1.-4.","SYSPRINT","Novo","97.00"
"4437","POLITIKA I GOSPODARSTVO : udžbenik za trogodišnje strukovne škole","Ana Knežević-Hesky","udžbenik","1.-3.","ALFA","Novo","92.00"
"5359","POLITIKA I GOSPODARSTVO : udžbenik za srednje strukovne škole","Đuro Benić, Nataša Vulić","udžbenik","1.-4.","ŠK","Novo","93.00"
"1700","ETIKA 1 : udžbenik za 1. razred gimnazije i srednje škole","Ćiril Čoh, Marija Lamot, Ksenija Matuš","udžbenik","1","ŠK",,"89.00"
"3649","JA, MI, ONI… : udžbenik etike za drugi razred gimnazije i strukovne škole","Bruno Ćurko, Dunja Marušić Brezetić","udžbenik","2","PROFIL",,"95.00"
"3010","BIOETIKA : udžbenik etike za treći razred srednjih škola","Tomislav Reškovac","udžbenik","3","PROFIL",,"95.00"
"5888","ETIKA 1 - SMISAO I ORIJENTACIJA : udžbenik u prvom razredu gimnazija i srednjih škola","Bruno Ćurko, Igor Lukić, Marko Zec, Marina Katinić","udžbenik","1","ŠK","Novo","89.00"
"5889","ETIKA 2 - ČOVJEK KAO DRUŠTVENO BIĆE : udžbenik u drugom razredu gimnazija i srednjih škola","Dafne Vidanec","udžbenik","2","ŠK","Novo","89.00"
"5890","ETIKA 3 - BIOETIKA DANAS : udžbenik etike u trećem razredu gimnazija i srednjih škola","Maja Žitinski","udžbenik","3","ŠK","Novo","89.00"
"4358","FILOZOFIJA MORALA : udžbenik etike za četvrti razred srednjih škola","Tomislav Reškovac","udžbenik","4","PROFIL","Novo","89.00"
"5891","ETIKA 4 - ETIKA ILI O DOBRU : udžbenik etike u četvrtom razredu gimnazija i srednjih škola","Petar Jakopec","udžbenik","4","ŠK","Novo","89.00"
"2115","ELEMENTA LINGUAE LATINAE MEDICAE : udžbenik iz latinskog jezika za zdravstvene škole, 1. i 2. godina učenja","Ivan Bekavac-Basić, Franjo Međeral","udžbenik","1.-2.","ŠK",,"97.00"
"2114","ELEMENTA LINGUAE LATINAE MEDICAE : radna bilježnica iz latinskog jezika za zdravstvene škole, 1. i 2. godina učenja","Ivan Bekavac-Basić, Franjo Međeral","radna bilježnica","1.-2.","ŠK",,"70.00"
"1708","TRAŽITELJI SMISLA : udžbenik vjeronauka za 1. razred srednjih škola","Viktorija Gadža, Nikola Milanović, Rudi Paloš, Mirjana Vučica, Dušan Vuletić","udžbenik","1","SALESIANA",,"53.00"
"1709","ODVAŽNI SVJEDOCI : udžbenik vjeronauka za 2. razred srednje škole","Viktorija Gadža, Nikola Milanović, Rudi Paloš, Dušan Vuletić","udžbenik","2","SALESIANA",,"53.00"
"2890","SVJETLOM VJERE : udžbenik katoličkoga vjeronauka za 4. razred srednjih škola","Ana Thea Filipović, autorski tim","udžbenik","4","KS",,"47.00"
"4856","ŽIVOTOM DAROVANI : udžbenik katoličkoga vjeronauka za 3. razred srednjih škola","Dejan Čaplar, Dario Kustura, Ivica Živković","udžbenik","3","KS","Novo","46.00"
"1696","HIGIJENA : udžbenik za strukovne škole s jednogodišnjim i dvogodišnjim programom","Oskar P. Springer","udžbenik","1.-3.","PROFIL",,"99.00"
"3111","HIGIJENA : udžbenik za trogodišnje strukovne škole","Vesna Kostović Vranješ, Mirko Ruščić","udžbenik","1.-3.","ŠK",,"95.00"
"3110","HIGIJENA : radna bilježnica za trogodišnje srednje strukovne škole","Vesna Kostović Vranješ","radna bilježnica","1.-3.","ŠK",,"48.00"
"1710","ALATI I STROJEVI U OBRADI DRVA 1 : udžbenik za 1. razred drvodjeljske škole","Irena Dević, Josip Ištvanić","udžbenik","1","ELEMENT",,"126.00"
"1716","MATERIJALI : udžbenik za 1. i 2. razred drvodjeljske škole","Vladimir Frgić","udžbenik","1.-2.","ELEMENT",,"124.00"
"1719","UVOD U TEHNIČKO CRTANJE NAMJEŠTAJA : udžbenik i priručnik u srednjim drvodjeljskim školama","Vladimir Frgić","udžbenik","1","ELEMENT",,"100.00"
"1711","ALATI I STROJEVI U OBRADI DRVA 2 : udžbenik za 2. razred drvodjeljske škole","Irena Dević","udžbenik","2","ELEMENT",,"126.00"
"1712","DRVNE KONSTRUKCIJE - NAMJEŠTAJ 1 : udžbenik za 2. razred drvodjeljske škole","Vladimir Frgić","udžbenik","2","ELEMENT",,"115.00"
"1713","DRVNE KONSTRUKCIJE - NAMJEŠTAJ 2 : udžbenik za 2. i 3. razred drvodjeljske škole","Vladimir Frgić","udžbenik","2.-3.","ELEMENT",,"143.00"
"1715","KEMIJSKA PRERADA DRVA : udžbenik za drvodjeljske škole","Filip Kljajić","udžbenik","2","ŠK",,"105.00"
"1714","DRVNE KONSTRUKCIJE - NAMJEŠTAJ 3 : PROZORI, VRATA, STUBIŠTA, UNUTARNJA OPREMA : udžbenik za 3. i 4. razred drvodjeljske škole","Vladimir Frgić","udžbenik","3.-4.","ELEMENT",,"124.00"
"1717","PRIPREMA PROIZVODNJE III : udžbenik za 3. razred drvodjeljske škole","Denis Jelačić","udžbenik","3","NEODIDACTA",,"72.00"
"1718","PRIPREMA PROIZVODNJE IV : udžbenik za 4. razred drvodjeljske škole","Denis Jelačić","udžbenik","4","NEODIDACTA",,"72.00"
"4695","OSNOVE EKONOMIJE 1 : udžbenik za ekonomiste","Željko Mrnjavac, Lana Kordić, Blanka Šimundić, Katica Perić","udžbenik","1","ALKA","Novo","100.00"
"4696","OSNOVE EKONOMIJE 1 : radna bilježnica za ekonomiste","Željo Mrnjavac, Lana Kordić, Blanka šimundić, Katica Perić","radna bilježnica","1","ALKA","Novo","55.00"
"5405","OSNOVE EKONOMIJE 1 : udžbenik u prvom razredu srednjih strukovnih škola za zanimanje ekonomist/ekonomistica","Jadranka Jošić, Josipa Ilić, Anto Mandir, Marija Mesić Škorić, Ivana Plesec, Ivan Režić, Silvija Marinčić-Svetoivanec, Nela Terihaj, Melita Todorović","udžbenik","1","ŠK","Novo","79.00"
"5406","OSNOVE EKONOMIJE 1 : radna bilježnica u prvom razredu srednjih strukovnih škola za zanimanje ekonomist/ekonomistica","Jadranka Jošić, Tatjana Putar, Gordana Zoretić","radna bilježnica","1","ŠK","Novo","59.00"
"4706","RAČUNOVODSTVO 1 : udžbenik za ekonomiste","Mira Dimitrić, Marija Horvatić-Kapelac, Kapelac, Miran Novokmet","udžbenik","1","ALKA","Novo","95.00"
"4707","RAČUNOVODSTVO 1 : radna bilježnica za ekonomiste","Mira Dimitrić, Marija Horvatić-Kapelac, Kapelac, Miran Novokmet","radna bilježnica","1","ALKA","Novo","55.00"
"4313","RAČUNOVODSTVO 1 : udžbenik za prvi razred srednjih ekonomskih škola","Diana Bratičević, Lidija Daničić","udžbenik","1","PROFIL","Novo","99.00"
"4314","RAČUNOVODSTVO 1 : radna bilježnica za prvi razred srednjih ekonomskih škola","Diana Bratičević, Lidija Daničić","radna bilježnica","1","PROFIL","Novo","99.00"
"5422","RAČUNOVODSTVO 1 : udžbenik za 1. razred srednje škole za zanimanje ekonomist/ekonomistica","Maja Safret, Branka Marić, Ljerka Dragović-Kovač, Dubravka Hržica","udžbenik","1","ŠK","Novo","89.00"
"5423","RAČUNOVODSTVO 1 : radna billježnica za 1. razred srednje škole za zanimanje ekonomist/ekonomistica","Branka Marić, Ljerka Dragović-Kovač","radna bilježnica","1","ŠK","Novo","59.00"
"4703","POSLOVNE KOMUNIKACIJE 1 : udžbenik za ekonomiste","Ivan Strugar, Jadranka Murgić","udžbenik","1","ALKA","Novo","80.00"
"5416","POSLOVNE KOMUNIKACIJE 1 : udžbenik za 1. razred srednje škole za zanimanje ekonomist/ekonomistica","Olivera Jurković Majić, Helena Majić","udžbenik","1","ŠK","Novo","109.00"
"5414","PODUZETNIŠTVO 1 : udžbenik u prvom razredu srednjih strukovnih škola za zanimanje ekonomist/ekonomistica","Jadranka Bernik, Višnja Dorčić-Kereković, Suzana Đurđević, Marija Tolušić, Biserka Viljetić, Bosiljka Vinković Kukolić","udžbenik","1","ŠK","Novo","99.00"
"5404","OBITELJSKI POSAO : udžbenik u prvom razredu srednjih strukovnih škola za zanimanje ekonomist/ekonomistica - izborni predmet","Željko Tintor, Igor Čizmadija","udžbenik","1","ŠK","Novo","89.00"
"5389","GLOBALNO POSLOVNO OKRUŽENJE : udžbenik za 1. razred srednje škole za zanimanje ekonomist/ekonomistica","Ivana Levak, Sanja Pintarić","udžbenik","1","ŠK","Novo","99.00"
"4697","OSNOVE EKONOMIJE 2 : udžbenik za ekonomiste","Željko Mrnjavac, Lana Kordić, Blanka Šimundić","udžbenik","2","ALKA","Novo","100.00"
"4698","OSNOVE EKONOMIJE 2 : radna bilježnica za ekonomiste","Željko Mrnjavac, Lana Kordić, Blanka šimundić","radna bilježnica","2","ALKA","Novo","55.00"
"5407","OSNOVE EKONOMIJE 2 : udžbenik u drugom razredu srednjih strukovnih škola za zanimanje ekonomist/ekonomistica","Jadranka Jošić, Jadranka Dorešić, Josipa Ilić, Anto Mandir, Marija Mesić Škorić, Ivan Režić, Silvija Marinčić Svetoivanec, Melita Todorović","udžbenik","2","ŠK","Novo","79.00"
"1772","OPĆE STOČARSTVO : udžbenik za 1. razred poljoprivrednih škola","Mirta Balenović, Tomislav Balenović","udžbenik","1","PROFIL",,"124.00"
"5408","OSNOVE EKONOMIJE 2 : radna bilježnica u drugom razredu srednjih strukovnih škola za zanimanje ekonomist/ekonomistica","Jadranka Jošić, Gordana Zoretić","radna bilježnica","2","ŠK","Novo","59.00"
"4708","RAČUNOVODSTVO 2 : udžbenik za ekonomiste","Mira Dimitrić, Marija Horvatić-Kapelac, Kapelac, Miran Novokmet","udžbenik","2","ALKA","Novo","95.00"
